Name,Niche,Followers,Engagement
User 5260,Gaming,"159,687",1.30%
User 8241,Travel,"853,121",9.40%
User 4499,Gaming,"399,191",7.10%
User 3583,Food,"689,953",3.80%
User 1759,Food,"370,837",11.70%
User 8248,Fashion,"68,305",3.00%
User 1877,Food,"702,735",9.10%
User 5876,Gaming,"357,437",2.00%
User 1722,Tech,"311,902",4.40%
User 8389,Tech,"935,086",6.20%
User 9113,Tech,"503,377",9.70%
User 5029,Tech,"581,546",6.80%
User 4708,Food,"160,832",2.40%
User 4059,Gaming,"671,604",12.40%
User 8684,Fashion,"470,708",10.10%
User 8382,Gaming,"860,386",13.80%
User 3196,Tech,"906,431",12.90%
User 6870,Gaming,"300,636",1.90%
User 4656,Travel,"663,423",13.50%
User 7526,Food,"968,655",10.00%
User 3713,Fashion,"278,874",12.90%
User 3657,Fashion,"591,631",1.20%
User 8203,Food,"700,095",13.70%
User 3780,Gaming,"472,526",2.80%
User 3983,Tech,"37,907",8.50%
User 6120,Tech,"467,784",14.60%
User 9641,Food,"785,384",14.70%
User 2790,Gaming,"255,001",9.20%
User 4220,Fashion,"550,164",14.20%
User 9200,Travel,"41,398",1.60%
User 9905,Tech,"481,182",1.50%
User 3165,Travel,"268,371",5.80%
User 3608,Gaming,"542,172",5.80%
User 9868,Food,"642,995",1.30%
User 9546,Fashion,"803,678",1.90%
User 3125,Gaming,"737,907",13.80%
User 9712,Gaming,"588,242",1.20%
User 3761,Fashion,"302,169",2.40%
User 3918,Food,"98,915",13.40%
User 6887,Fashion,"481,242",1.70%
User 9263,Travel,"210,725",1.10%
User 2057,Tech,"126,076",1.20%
User 5226,Fashion,"136,131",4.20%
User 9828,Travel,"826,064",11.00%
User 9296,Gaming,"413,964",3.00%
User 1006,Fashion,"968,621",4.90%
User 4476,Tech,"65,890",7.70%
User 5557,Tech,"870,761",8.30%
User 1124,Fashion,"118,699",1.70%
User 4814,Gaming,"570,021",8.10%
User 4196,Travel,"170,939",7.10%
User 8662,Fashion,"447,547",9.60%
User 6987,Fashion,"216,769",6.70%
User 9913,Food,"71,326",7.20%
User 3987,Fashion,"855,649",7.40%
User 5261,Tech,"226,265",5.00%
User 7511,Gaming,"928,548",7.90%
User 7257,Food,"466,693",3.20%
User 5585,Tech,"938,972",10.00%
User 7489,Fashion,"842,646",14.90%
User 2311,Fashion,"713,788",14.00%
User 8916,Gaming,"61,839",3.70%
User 2136,Food,"109,012",13.50%
User 7688,Gaming,"801,160",7.70%
User 7149,Food,"238,410",10.40%
User 9151,Food,"453,060",5.60%
User 4806,Food,"357,520",7.20%
User 7388,Gaming,"165,893",14.70%
User 5090,Food,"817,127",5.90%
User 8137,Tech,"917,411",9.30%
User 6697,Gaming,"319,984",12.30%
User 4136,Tech,"745,891",4.30%
User 7996,Gaming,"297,847",10.80%
User 2678,Fashion,"320,361",15.00%
User 1250,Tech,"685,418",5.10%
User 7841,Gaming,"557,384",3.40%
User 7507,Food,"558,413",14.50%
User 1581,Travel,"833,150",2.70%
User 4001,Food,"297,472",12.90%
User 8588,Food,"814,073",11.50%
User 6403,Travel,"698,382",5.80%
User 5848,Gaming,"826,392",6.30%
User 3561,Travel,"106,117",6.70%
User 4818,Food,"635,240",3.90%
User 9846,Gaming,"486,399",13.30%
User 9455,Travel,"244,169",3.30%
User 7206,Tech,"891,845",1.30%
User 4330,Tech,"916,948",11.10%
User 9570,Tech,"846,070",7.90%
User 2323,Fashion,"683,820",14.00%
User 2266,Tech,"552,165",11.30%
User 5854,Tech,"557,832",10.00%
User 9482,Fashion,"991,223",1.80%
User 7995,Travel,"174,990",14.40%
User 4818,Food,"780,080",5.70%
User 4810,Gaming,"313,204",6.10%
User 9546,Tech,"310,032",7.20%
User 4664,Fashion,"326,208",8.10%
User 7849,Food,"197,164",9.60%
User 7433,Travel,"101,110",12.60%
User 9013,Food,"263,640",2.80%
User 5452,Travel,"149,276",11.00%
User 3129,Fashion,"311,037",10.80%
User 8697,Travel,"485,851",2.60%
User 6271,Gaming,"375,656",11.20%
User 1268,Gaming,"327,145",12.90%
User 2539,Gaming,"230,147",2.70%
User 8270,Tech,"416,150",10.60%
User 2638,Food,"836,305",2.20%
User 3122,Food,"143,667",9.30%
User 7493,Fashion,"693,079",10.60%
User 9349,Gaming,"17,644",11.70%
User 8378,Tech,"390,903",3.50%
User 8540,Food,"579,674",11.00%
User 7372,Travel,"831,972",2.60%
User 8327,Gaming,"401,770",8.80%
User 1139,Travel,"937,912",7.90%
User 5582,Fashion,"330,268",6.90%
User 5632,Fashion,"42,087",11.70%
User 5143,Gaming,"996,297",9.80%
User 5758,Gaming,"725,940",6.10%
User 2032,Travel,"598,914",5.60%
User 9336,Gaming,"484,138",6.90%
User 8634,Fashion,"854,822",9.20%
User 5090,Travel,"87,796",11.70%
User 3504,Gaming,"594,081",8.60%
User 9381,Food,"45,620",2.60%
User 4372,Fashion,"776,440",1.60%
User 9126,Gaming,"440,031",11.70%
User 6597,Tech,"561,561",14.60%
User 8641,Fashion,"3,164",13.10%
User 2262,Tech,"839,513",4.30%
User 9143,Fashion,"656,295",9.40%
User 7710,Gaming,"63,426",3.50%
User 6551,Fashion,"285,725",5.40%
User 2682,Fashion,"118,084",4.00%
User 2067,Travel,"976,389",3.50%
User 6822,Gaming,"947,680",12.00%
User 7415,Gaming,"955,399",14.40%
User 3012,Tech,"936,869",14.80%
User 5526,Gaming,"352,950",10.40%
User 8358,Travel,"138,143",2.10%
User 9853,Tech,"469,658",5.90%
User 3232,Tech,"30,047",3.60%
User 4311,Tech,"482,442",6.10%
User 7245,Gaming,"897,947",5.10%
User 6381,Food,"344,914",7.30%
User 7666,Travel,"313,188",4.00%
User 2087,Food,"824,389",1.60%
User 5393,Tech,"764,114",7.40%
User 5027,Food,"98,550",11.60%
User 8053,Food,"855,584",10.00%
User 6215,Gaming,"565,708",11.00%
User 7145,Fashion,"644,280",1.90%
User 6312,Fashion,"699,866",2.10%
User 5880,Travel,"770,089",14.30%
User 9527,Gaming,"850,433",3.00%
User 6672,Travel,"931,402",7.10%
User 7633,Travel,"338,749",13.70%
User 1301,Travel,"404,189",9.10%
User 4700,Tech,"592,234",9.60%
User 7911,Gaming,"634,502",8.40%
User 4318,Food,"986,455",4.10%
User 1041,Travel,"219,513",12.30%
User 8664,Tech,"818,786",1.40%
User 9398,Fashion,"637,055",7.90%
User 8162,Food,"123,365",11.50%
User 1376,Food,"171,335",3.60%
User 4124,Travel,"838,292",12.90%
User 2268,Food,"211,469",1.00%
User 4265,Travel,"962,378",5.00%
User 7688,Food,"234,795",6.80%
User 9846,Gaming,"453,353",6.70%
User 9769,Food,"804,357",10.00%
User 1395,Tech,"739,286",7.00%
User 9090,Gaming,"965,576",8.00%
User 9833,Travel,"91,780",14.10%
User 4875,Food,"954,840",4.90%
User 8870,Tech,"882,403",1.70%
User 2308,Gaming,"630,631",4.20%
User 3891,Gaming,"992,030",9.90%
User 6962,Food,"897,071",5.90%
User 1195,Fashion,"437,663",10.00%
User 5369,Travel,"481,289",8.30%
User 8381,Gaming,"522,542",9.10%
User 6059,Fashion,"63,368",7.10%
User 8287,Food,"696,457",4.90%
User 4606,Tech,"228,578",5.20%
User 2139,Tech,"282,525",8.70%
User 5882,Travel,"210,982",6.80%
User 7141,Gaming,"815,637",11.00%
User 1175,Food,"610,026",1.10%
User 2642,Tech,"922,528",6.00%
User 2724,Food,"364,446",9.90%
User 9222,Travel,"133,364",5.50%
User 9573,Food,"237,431",9.50%
User 5509,Food,"483,554",2.20%
User 7285,Food,"83,759",5.10%
User 8699,Tech,"13,805",10.10%
User 9613,Fashion,"565,177",3.20%
User 1332,Tech,"625,528",7.80%
User 1678,Tech,"850,246",3.60%
User 6881,Fashion,"314,119",8.80%
User 5936,Fashion,"933,569",14.10%
User 5656,Fashion,"356,458",11.70%
User 3200,Gaming,"517,947",9.90%
User 6841,Food,"970,712",11.50%
User 1428,Gaming,"96,475",10.40%
User 8643,Food,"701,902",4.30%
User 9918,Gaming,"820,687",1.40%
User 2306,Food,"795,334",11.70%
User 3819,Tech,"558,146",7.10%
User 6590,Food,"326,097",10.10%
User 6767,Travel,"945,625",14.80%
User 8295,Tech,"288,345",7.30%
User 6360,Gaming,"357,526",3.00%
User 8007,Fashion,"262,514",5.70%
User 1637,Travel,"14,115",7.70%
User 7898,Tech,"179,238",15.00%
User 5706,Fashion,"602,721",4.80%
User 3391,Gaming,"787,572",6.70%
User 3910,Travel,"128,026",13.70%
User 3847,Tech,"435,437",7.90%
User 3039,Fashion,"229,368",11.10%
User 8214,Food,"940,826",6.90%
User 6965,Gaming,"333,374",13.00%
User 4171,Food,"684,389",6.50%
User 1024,Food,"925,688",2.70%
User 9850,Tech,"359,104",7.50%
User 4476,Travel,"423,160",1.20%
User 7382,Gaming,"353,036",10.30%
User 7407,Fashion,"138,801",5.40%
User 6372,Gaming,"903,836",6.50%
User 1725,Food,"39,670",5.60%
User 2048,Travel,"337,946",14.00%
User 3942,Food,"359,601",5.70%
User 4185,Tech,"32,155",6.30%
User 3728,Food,"925,227",10.60%
User 9571,Fashion,"695,659",9.90%
User 6849,Fashion,"684,932",2.10%
User 3456,Food,"951,332",5.00%
User 8714,Food,"507,430",4.30%
User 7245,Tech,"656,180",5.00%
User 3207,Tech,"737,267",1.30%
User 6169,Fashion,"438,603",1.70%
User 9363,Fashion,"193,374",5.30%
User 8398,Travel,"250,996",10.10%
User 1507,Fashion,"620,199",11.20%
User 3423,Gaming,"557,633",13.50%
User 4289,Fashion,"928,029",6.70%
User 9541,Gaming,"986,580",3.00%
User 1108,Travel,"526,192",7.30%
User 6290,Travel,"683,545",4.70%
User 3414,Gaming,"566,094",8.50%
User 1941,Tech,"290,957",2.00%
User 2475,Tech,"979,845",13.30%
User 1137,Fashion,"920,792",5.10%
User 9262,Food,"556,101",9.10%
User 4994,Tech,"884,707",9.10%
User 5894,Tech,"474,756",7.50%
User 9821,Tech,"449,067",11.70%
User 7710,Food,"313,273",12.00%
User 2089,Food,"889,551",3.40%
User 9835,Fashion,"425,560",11.50%
User 2600,Tech,"365,940",3.40%
User 7390,Gaming,"369,808",12.10%
User 7389,Gaming,"180,672",7.60%
User 6229,Gaming,"966,207",11.70%
User 1885,Gaming,"331,036",12.30%
User 9776,Gaming,"87,735",13.60%
User 4118,Food,"465,878",7.30%
User 4742,Travel,"85,789",10.40%
User 6210,Gaming,"666,241",6.10%
User 2969,Gaming,"262,266",4.50%
User 7481,Travel,"625,892",2.70%
User 3519,Gaming,"996,332",5.90%
User 1909,Gaming,"615,752",13.20%
User 3315,Fashion,"437,781",13.50%
User 2302,Gaming,"70,233",8.00%
User 1010,Fashion,"460,930",4.50%
User 2046,Fashion,"137,629",1.70%
User 9308,Food,"119,029",4.80%
User 2837,Fashion,"273,480",4.90%
User 9188,Food,"948,420",7.70%
User 9054,Tech,"951,027",2.80%
User 3670,Travel,"359,031",15.00%
User 8987,Fashion,"195,088",5.20%
User 5915,Fashion,"184,389",4.80%
User 3423,Gaming,"562,314",11.60%
User 5093,Food,"399,307",1.50%
User 7307,Tech,"966,449",8.10%
User 6242,Travel,"599,861",11.50%
User 2506,Gaming,"619,018",9.80%
User 8918,Fashion,"120,625",8.30%
User 9798,Gaming,"120,461",4.30%
User 3161,Travel,"686,256",8.40%
User 1187,Tech,"300,711",11.80%
User 5923,Gaming,"86,334",8.60%
User 5451,Fashion,"606,564",8.00%
User 2694,Travel,"28,495",7.10%
User 9719,Food,"366,890",6.40%
User 5475,Fashion,"861,550",5.20%
User 5916,Gaming,"62,942",6.00%
User 1228,Gaming,"77,036",5.50%
User 3507,Fashion,"147,287",12.90%
User 4530,Tech,"112,054",11.40%
User 8457,Food,"68,536",11.20%
User 9695,Food,"347,561",1.00%
User 6002,Fashion,"8,130",14.40%
User 2367,Gaming,"695,658",10.00%
User 8585,Fashion,"653,377",10.20%
User 3546,Food,"777,717",4.20%
User 2147,Gaming,"783,490",4.10%
User 3451,Tech,"631,039",13.30%
User 1346,Gaming,"927,898",9.70%
User 4434,Gaming,"448,849",6.80%
User 5028,Fashion,"243,081",1.30%
User 8567,Gaming,"300,659",2.10%
User 6288,Gaming,"511,974",6.70%
User 2215,Travel,"727,102",5.50%
User 5445,Food,"900,723",5.60%
User 6178,Fashion,"748,314",8.50%
User 5538,Fashion,"390,716",2.30%
User 3159,Fashion,"169,422",12.90%
User 9164,Food,"414,040",2.50%
User 5019,Travel,"247,131",6.20%
User 8266,Tech,"931,357",12.10%
User 9221,Food,"185,188",2.10%
User 1503,Travel,"321,071",11.80%
User 6049,Fashion,"564,501",11.70%
User 6052,Travel,"53,039",3.40%
User 2891,Travel,"567,002",10.70%
User 3706,Food,"143,965",8.20%
User 1277,Travel,"545,341",8.60%
User 9297,Gaming,"953,800",5.60%
User 6349,Tech,"457,034",8.80%
User 5322,Travel,"705,217",5.80%
User 5403,Fashion,"656,460",8.00%
User 7910,Food,"412,692",14.40%
User 2659,Fashion,"230,879",2.30%
User 1399,Travel,"70,646",14.70%
User 7877,Gaming,"150,422",12.70%
User 1917,Tech,"344,689",14.50%
User 3266,Travel,"82,355",9.90%
User 3859,Gaming,"682,737",5.10%
User 9775,Gaming,"355,320",14.50%
User 2537,Food,"258,827",4.30%
User 2350,Tech,"790,955",6.70%
User 1854,Fashion,"134,887",12.10%
User 9841,Gaming,"410,200",1.30%
User 2516,Gaming,"241,942",10.50%
User 8468,Travel,"279,848",6.10%
User 2262,Travel,"471,762",1.30%
User 7128,Food,"429,608",13.40%
User 5211,Tech,"334,351",8.80%
User 5492,Travel,"72,260",4.70%
User 2719,Fashion,"125,040",5.50%
User 1973,Tech,"705,707",5.60%
User 5969,Fashion,"501,918",2.50%
User 8051,Food,"715,944",11.40%
User 7761,Travel,"335,657",13.70%
User 7424,Gaming,"46,852",9.40%
User 2864,Fashion,"926,130",6.30%
User 9568,Fashion,"543,076",3.50%
User 3716,Tech,"436,965",1.40%
User 4827,Tech,"758,179",12.80%
User 1738,Tech,"5,072",7.20%
User 4515,Food,"883,494",6.60%
User 5945,Gaming,"451,206",1.00%
User 4026,Gaming,"114,859",8.80%
User 4781,Gaming,"270,592",11.40%
User 5674,Gaming,"15,486",12.70%
User 9923,Travel,"259,224",10.70%
User 9485,Travel,"350,084",6.40%
User 6623,Gaming,"440,360",8.80%
User 8059,Tech,"647,607",2.70%
User 4442,Food,"22,473",12.40%
User 8715,Tech,"378,562",9.50%
User 4000,Tech,"912,136",9.60%
User 2625,Tech,"737,996",8.10%
User 6892,Travel,"633,113",3.90%
User 8568,Travel,"444,464",2.30%
User 8579,Tech,"351,171",5.90%
User 1070,Fashion,"758,619",3.30%
User 5200,Food,"717,317",5.20%
User 8336,Fashion,"875,121",3.40%
User 1472,Food,"432,452",11.80%
User 2819,Fashion,"342,538",6.10%
User 8482,Travel,"106,817",5.00%
User 3087,Tech,"945,644",2.40%
User 6280,Fashion,"441,281",8.50%
User 6764,Tech,"385,935",9.70%
User 2898,Food,"772,228",13.40%
User 8348,Fashion,"617,686",4.20%
User 4262,Travel,"161,683",12.90%
User 3455,Food,"286,015",6.60%
User 1516,Tech,"922,802",14.40%
User 3067,Travel,"584,095",3.80%
User 7358,Travel,"430,105",6.20%
User 8191,Fashion,"964,211",8.70%
User 1190,Tech,"326,961",3.10%
User 6785,Travel,"613,996",8.90%
User 1364,Food,"797,019",1.00%
User 8938,Tech,"743,183",5.60%
User 9624,Gaming,"970,238",7.20%
User 6049,Food,"661,995",5.90%
User 3488,Travel,"963,248",3.90%
User 6050,Travel,"918,112",8.40%
User 4797,Tech,"838,155",6.40%
User 5422,Fashion,"593,725",13.70%
User 3914,Travel,"58,141",5.50%
User 6541,Fashion,"108,528",12.70%
User 5886,Food,"930,044",4.40%
User 2901,Travel,"659,778",6.30%
User 5743,Food,"358,123",11.50%
User 2042,Tech,"47,631",10.80%
User 1670,Travel,"651,878",5.00%
User 5127,Tech,"47,253",11.90%
User 4865,Food,"765,645",11.60%
User 3669,Gaming,"531,462",11.90%
User 9139,Gaming,"345,870",2.50%
User 8561,Travel,"926,728",4.90%
User 9910,Travel,"190,145",6.80%
User 2688,Tech,"637,697",10.40%
User 5718,Gaming,"53,822",6.50%
User 6717,Gaming,"442,267",3.10%
User 3408,Tech,"16,321",8.10%
User 2299,Tech,"179,952",6.90%
User 8058,Tech,"560,105",6.10%
User 9608,Gaming,"955,387",12.70%
User 6666,Travel,"8,768",3.70%
User 5842,Travel,"597,538",12.00%
User 7836,Gaming,"394,566",2.40%
User 4792,Fashion,"739,372",6.40%
User 7712,Gaming,"308,946",13.10%
User 4431,Food,"130,443",10.30%
User 7381,Travel,"735,707",13.90%
User 1812,Travel,"970,342",10.60%
User 9817,Gaming,"683,362",13.50%
User 6359,Travel,"159,058",8.40%
User 9226,Fashion,"119,131",6.00%
User 9342,Travel,"555,624",13.40%
User 3762,Tech,"806,946",1.40%
User 9630,Travel,"85,671",13.70%
User 6885,Food,"407,461",10.40%
User 5062,Food,"825,673",13.60%
User 6008,Gaming,"164,713",10.60%
User 5594,Tech,"956,185",3.70%
User 7247,Fashion,"769,769",4.80%
User 6151,Fashion,"599,652",8.00%
User 6363,Gaming,"101,099",8.70%
User 3999,Fashion,"328,730",2.30%
User 4980,Travel,"277,973",5.30%
User 8292,Gaming,"445,108",10.70%
User 1589,Food,"662,641",5.20%
User 2735,Food,"532,927",1.80%
User 4276,Gaming,"316,671",6.50%
User 3239,Fashion,"241,796",11.00%
User 4595,Travel,"127,145",2.20%
User 5150,Tech,"598,491",13.50%
User 4029,Tech,"216,468",10.30%
User 6340,Fashion,"294,674",13.40%
User 2555,Travel,"536,005",6.10%
User 2129,Fashion,"562,621",9.40%
User 4334,Gaming,"372,074",5.00%
User 6896,Tech,"324,409",14.20%
User 3288,Tech,"143,932",1.00%
User 5017,Gaming,"807,238",3.40%
User 5764,Travel,"661,235",3.00%
User 4839,Food,"627,393",4.70%
User 8747,Food,"385,103",9.70%
User 1102,Gaming,"357,600",10.10%
User 9448,Gaming,"146,929",10.70%
User 7055,Fashion,"586,268",10.40%
User 4296,Gaming,"896,513",12.00%
User 5593,Food,"779,110",5.40%
User 5412,Fashion,"889,273",13.10%
User 6576,Food,"487,314",13.70%
User 6724,Travel,"139,236",2.20%
User 5943,Fashion,"445,264",6.70%
User 2994,Travel,"209,112",6.80%
User 9028,Food,"305,736",3.20%
User 7646,Gaming,"377,300",3.80%
User 2918,Travel,"433,728",12.40%
User 4382,Travel,"853,483",7.60%
User 3927,Gaming,"706,921",2.00%
User 1999,Gaming,"145,936",7.00%
User 9039,Fashion,"277,276",11.20%
User 8518,Fashion,"390,855",10.20%
User 6881,Food,"28,116",14.00%
User 6840,Food,"810,190",1.30%
User 1896,Tech,"91,091",5.00%
User 9642,Food,"550,454",14.60%
User 4299,Gaming,"396,711",6.20%
User 7554,Fashion,"537,130",1.30%
User 6343,Tech,"362,373",2.90%
User 8756,Gaming,"418,860",9.20%
User 2962,Food,"494,344",5.70%
User 8870,Fashion,"778,266",6.90%
User 2790,Tech,"823,607",1.70%
User 8139,Tech,"122,699",11.50%
User 9686,Tech,"651,493",3.20%
User 6806,Tech,"390,250",8.40%
User 1649,Tech,"382,023",7.70%
User 6857,Food,"102,285",3.40%
User 9348,Food,"132,952",13.90%
User 3754,Food,"611,502",6.80%
User 1455,Gaming,"35,860",8.80%
User 5881,Gaming,"152,886",13.00%
User 8766,Tech,"476,682",7.70%
User 1470,Travel,"450,042",14.10%
User 9381,Food,"82,895",3.00%
User 1040,Travel,"159,557",11.10%
User 5245,Food,"718,973",4.30%
User 8630,Tech,"449,564",2.40%
User 2656,Travel,"679,482",7.80%
User 7537,Tech,"858,408",3.10%
User 6163,Food,"157,654",14.30%
User 4966,Travel,"439,603",6.90%
User 6835,Tech,"998,893",4.50%
User 6167,Travel,"19,713",9.00%
User 6588,Gaming,"84,182",7.90%
User 7720,Tech,"614,633",8.50%
User 3053,Food,"812,204",6.60%
User 3680,Gaming,"143,347",12.60%
User 7778,Tech,"571,941",6.30%
User 6319,Food,"220,884",8.10%
User 5104,Travel,"312,210",5.20%
User 5991,Tech,"172,715",14.10%
User 1387,Food,"962,881",3.70%
User 7705,Fashion,"192,859",5.30%
User 1677,Travel,"389,985",2.50%
User 8022,Tech,"704,695",7.60%
User 9327,Tech,"180,806",2.60%
User 3721,Tech,"328,696",3.80%
User 5131,Fashion,"380,661",2.30%
User 1041,Tech,"908,931",11.90%
User 1560,Travel,"372,096",7.50%
User 7326,Food,"961,848",5.90%
User 7977,Tech,"492,783",3.20%
User 9267,Tech,"675,341",10.70%
User 1489,Fashion,"677,507",5.70%
User 2171,Tech,"648,961",6.00%
User 3592,Food,"765,250",1.30%
User 4400,Fashion,"526,748",4.50%
User 5302,Travel,"98,904",13.70%
User 6242,Gaming,"75,306",8.50%
User 1792,Fashion,"404,352",4.00%
User 1438,Fashion,"478,224",14.60%
User 7301,Fashion,"551,273",11.50%
User 6884,Gaming,"257,730",4.40%
User 8584,Travel,"780,714",14.00%
User 1863,Gaming,"333,004",2.80%
User 8235,Food,"196,274",2.80%
User 9465,Travel,"120,750",14.80%
User 8796,Food,"214,159",2.50%
User 6792,Gaming,"873,661",3.00%
User 7697,Fashion,"31,802",8.40%
User 1388,Food,"688,229",2.40%
User 9304,Food,"881,522",3.80%
User 3201,Travel,"34,691",3.30%
User 5871,Tech,"575,595",5.10%
User 3910,Travel,"480,889",4.10%
User 7278,Travel,"875,272",13.20%
User 7689,Fashion,"398,719",13.70%
User 9338,Fashion,"169,814",6.00%
User 9479,Gaming,"157,937",5.00%
User 8188,Gaming,"436,563",12.90%
User 7537,Fashion,"337,126",6.10%
User 4154,Gaming,"69,827",4.70%
User 2869,Travel,"113,092",9.00%
User 5322,Travel,"894,836",2.00%
User 3027,Fashion,"647,182",14.40%
User 7127,Food,"37,953",13.80%
User 9471,Travel,"503,473",1.90%
User 1220,Fashion,"684,499",8.60%
User 5056,Fashion,"842,545",10.00%
User 3106,Fashion,"572,926",4.40%
User 4452,Gaming,"153,064",7.60%
User 8728,Food,"72,485",5.00%
User 2107,Travel,"116,438",14.90%
User 1043,Gaming,"282,087",4.00%
User 2408,Fashion,"868,781",6.50%
User 1359,Gaming,"932,507",2.50%
User 4548,Gaming,"573,811",4.80%
User 1835,Fashion,"134,956",1.90%
User 9300,Tech,"992,620",8.40%
User 7248,Gaming,"971,800",5.70%
User 5032,Gaming,"554,382",6.80%
User 4208,Gaming,"523,791",10.20%
User 7168,Travel,"393,899",2.30%
User 4292,Gaming,"286,910",12.10%
User 6517,Gaming,"705,701",2.50%
User 3438,Tech,"101,081",6.50%
User 2127,Tech,"719,193",8.70%
User 9973,Fashion,"58,657",13.00%
User 3028,Travel,"39,118",8.10%
User 8316,Gaming,"342,560",8.80%
User 9634,Food,"433,312",4.70%
User 4979,Food,"470,913",4.50%
User 5851,Food,"344,946",9.00%
User 9557,Gaming,"683,329",8.60%
User 1874,Tech,"56,465",13.10%
User 9959,Travel,"650,091",4.90%
User 7266,Fashion,"221,091",9.70%
User 9824,Fashion,"829,049",10.60%
User 3357,Food,"79,642",14.80%
User 4685,Travel,"539,416",5.60%
User 2277,Food,"425,998",11.90%
User 5615,Tech,"562,809",11.20%
User 8549,Gaming,"214,262",9.60%
User 3410,Fashion,"147,007",2.40%
User 9076,Gaming,"461,908",6.30%
User 4550,Food,"953,371",1.50%
User 9385,Travel,"996,211",6.60%
User 4470,Fashion,"524,660",12.30%
User 8104,Food,"70,205",6.40%
User 2999,Gaming,"385,797",13.20%
User 1035,Food,"285,580",14.30%
User 2017,Tech,"177,868",5.60%
User 1660,Tech,"804,980",2.30%
User 4569,Fashion,"225,262",11.90%
User 1192,Gaming,"848,702",1.10%
User 1326,Food,"327,163",11.40%
User 8992,Food,"974,863",14.40%
User 8709,Food,"276,857",5.80%
User 7424,Travel,"79,409",3.20%
User 6269,Travel,"618,195",3.50%
User 6651,Food,"997,774",13.20%
User 7558,Food,"391,641",2.80%
User 4873,Tech,"829,981",9.70%
User 5436,Travel,"396,192",4.50%
User 6717,Food,"683,311",14.60%
User 2243,Food,"722,921",4.10%
User 1678,Travel,"541,715",5.00%
User 8829,Gaming,"638,496",10.20%
User 6155,Fashion,"18,264",2.30%
User 3978,Travel,"165,867",11.60%
User 8029,Gaming,"74,783",2.80%
User 9251,Tech,"4,735",10.40%
User 5197,Tech,"792,068",11.90%
User 1740,Food,"447,980",14.20%
User 3672,Travel,"160,729",11.20%
User 9302,Gaming,"212,977",6.80%
User 7124,Travel,"807,898",4.70%
User 1740,Food,"209,733",11.40%
User 6039,Gaming,"959,825",7.80%
User 3346,Fashion,"162,728",8.20%
User 1245,Travel,"456,655",2.10%
User 6644,Fashion,"132,830",8.00%
User 5905,Travel,"987,436",11.90%
User 5980,Fashion,"766,141",2.90%
User 8180,Gaming,"188,158",6.00%
User 5253,Tech,"873,994",4.80%
User 3610,Fashion,"583,567",3.40%
User 1257,Gaming,"479,986",10.20%
User 7797,Gaming,"752,596",12.60%
User 2416,Tech,"105,015",7.70%
User 9453,Food,"189,878",5.60%
User 4394,Gaming,"887,122",5.50%
User 1246,Travel,"131,543",3.70%
User 4991,Gaming,"427,959",11.40%
User 7816,Fashion,"912,674",2.00%
User 1769,Tech,"519,100",10.50%
User 4609,Travel,"742,773",8.00%
User 8060,Gaming,"353,902",9.30%
User 3937,Gaming,"252,690",14.20%
User 3754,Fashion,"274,379",2.50%
User 7605,Food,"883,539",8.60%
User 8978,Gaming,"759,465",10.20%
User 6025,Travel,"401,890",12.10%
User 8346,Travel,"444,255",5.30%
User 1641,Tech,"318,097",4.30%
User 5481,Fashion,"486,545",9.20%
User 7584,Travel,"253,972",3.00%
User 5610,Gaming,"348,083",10.90%
User 6252,Tech,"617,906",13.40%
User 5841,Food,"803,240",12.30%
User 5406,Food,"73,895",9.00%
User 2666,Travel,"17,723",5.40%
User 6648,Food,"153,180",4.90%
User 5948,Gaming,"486,768",8.80%
User 6662,Tech,"831,412",10.40%
User 1320,Fashion,"207,316",6.30%
User 1637,Fashion,"583,358",1.20%
User 3313,Gaming,"163,489",6.00%
User 5938,Travel,"352,347",7.00%
User 5478,Food,"240,481",6.80%
User 5678,Food,"357,471",10.20%
User 7179,Tech,"392,621",3.30%
User 4849,Food,"754,276",13.90%
User 5152,Gaming,"844,938",3.80%
User 3185,Gaming,"963,452",1.90%
User 9342,Food,"681,211",1.70%
User 6085,Tech,"156,168",4.70%
User 9221,Travel,"195,218",14.40%
User 4505,Tech,"651,051",2.60%
User 1820,Fashion,"254,140",4.30%
User 8334,Travel,"230,669",14.20%
User 4100,Tech,"812,717",14.60%
User 6182,Travel,"893,272",7.40%
User 5193,Fashion,"939,559",7.50%
User 7587,Travel,"22,809",13.70%
User 1123,Travel,"880,690",7.10%
User 1198,Tech,"149,033",10.70%
User 2331,Gaming,"984,069",10.70%
User 8705,Tech,"355,188",9.70%
User 3757,Tech,"745,089",13.70%
User 2916,Travel,"342,222",13.80%
User 7189,Food,"928,281",2.10%
User 6018,Gaming,"289,019",6.90%
User 9736,Tech,"104,153",3.90%
User 5345,Fashion,"83,267",7.20%
User 4563,Food,"969,967",13.40%
User 9914,Travel,"339,860",1.10%
User 9812,Tech,"433,648",3.90%
User 1160,Fashion,"823,009",10.90%
User 9996,Gaming,"372,038",12.00%
User 1052,Travel,"592,364",3.70%
User 2111,Tech,"710,377",13.10%
User 5650,Tech,"52,804",4.50%
User 3524,Tech,"548,867",11.00%
User 3885,Travel,"415,014",12.60%
User 3015,Gaming,"366,222",7.80%
User 2380,Gaming,"138,632",7.50%
User 2574,Travel,"451,135",11.60%
User 8606,Travel,"213,533",8.00%
User 1069,Gaming,"729,432",1.80%
User 5902,Travel,"622,313",10.60%
User 6127,Travel,"721,408",3.50%
User 8551,Travel,"554,445",10.00%
User 3686,Tech,"913,138",8.70%
User 2277,Travel,"604,967",7.60%
User 7215,Food,"910,963",1.90%
User 5291,Food,"28,166",10.80%
User 2285,Gaming,"209,274",1.10%
User 8547,Food,"362,397",5.60%
User 5917,Food,"714,098",2.40%
User 5388,Gaming,"414,038",5.90%
User 9106,Food,"585,034",5.40%
User 6512,Food,"486,244",3.50%
User 4288,Gaming,"790,193",6.70%
User 7839,Travel,"93,732",3.60%
User 2123,Tech,"807,818",11.20%
User 7361,Travel,"650,526",3.10%
User 4068,Travel,"247,139",5.10%
User 2718,Gaming,"128,721",11.80%
User 3360,Fashion,"31,333",9.50%
User 2755,Fashion,"568,534",5.50%
User 3608,Food,"258,523",11.50%
User 6443,Food,"133,714",11.30%
User 8454,Gaming,"443,006",10.70%
User 7949,Food,"832,006",10.60%
User 1154,Fashion,"626,974",7.30%
User 3374,Food,"863,383",9.60%
User 7477,Travel,"716,213",3.00%
User 3392,Food,"104,017",1.00%
User 3554,Fashion,"305,508",12.50%
User 4175,Tech,"441,115",13.50%
User 7887,Travel,"534,092",11.70%
User 7073,Fashion,"556,210",3.40%
User 3464,Gaming,"31,473",5.50%
User 8481,Tech,"267,151",3.30%
User 4947,Travel,"445,689",2.10%
User 5523,Tech,"564,654",7.30%
User 4343,Tech,"268,766",12.20%
User 2912,Fashion,"973,040",9.20%
User 9147,Gaming,"660,124",4.80%
User 8032,Gaming,"379,009",14.80%
User 8896,Tech,"583,438",4.00%
User 2445,Gaming,"208,164",4.70%
User 2932,Gaming,"157,184",12.10%
User 5103,Tech,"928,548",7.60%
User 1103,Tech,"432,626",8.40%
User 3445,Tech,"653,874",1.30%
User 5530,Travel,"666,350",11.30%
User 7598,Food,"963,097",13.00%
User 2682,Gaming,"102,818",10.80%
User 1421,Tech,"459,720",9.80%
User 5782,Gaming,"668,648",12.70%
User 6352,Tech,"440,103",11.60%
User 1628,Travel,"194,977",3.00%
User 8705,Food,"153,315",10.30%
User 7669,Travel,"529,039",9.70%
User 9234,Gaming,"458,672",12.90%
User 4466,Food,"618,840",2.00%
User 6825,Tech,"210,441",7.80%
User 3653,Tech,"302,124",5.00%
User 5784,Gaming,"59,777",7.00%
User 7984,Fashion,"531,886",1.10%
User 3263,Gaming,"666,271",10.50%
User 3042,Travel,"526,934",1.90%
User 2585,Gaming,"885,665",1.60%
User 3522,Gaming,"38,940",2.50%
User 4695,Fashion,"549,847",2.40%
User 9343,Fashion,"550,346",12.40%
User 4467,Fashion,"63,016",11.60%
User 2328,Tech,"758,272",4.00%
User 1551,Tech,"462,384",5.40%
User 6955,Gaming,"521,332",8.00%
User 4488,Tech,"622,458",5.70%
User 8102,Travel,"554,183",14.30%
User 9931,Tech,"331,456",9.60%
User 7648,Tech,"231,723",3.40%
User 5402,Travel,"488,695",10.80%
User 6617,Fashion,"811,670",3.40%
User 7467,Food,"213,693",2.70%
User 2930,Travel,"393,505",8.70%
User 6978,Travel,"305,813",14.20%
User 5215,Fashion,"677,574",5.30%
User 3746,Travel,"43,330",5.70%
User 7846,Tech,"786,828",3.70%
User 9096,Gaming,"398,131",11.70%
User 9074,Fashion,"555,889",15.00%
User 9287,Food,"386,703",11.10%
User 4728,Food,"940,959",11.90%
User 4035,Tech,"745,439",5.80%
User 7329,Tech,"998,448",5.00%
User 1845,Tech,"593,666",7.10%
User 5121,Tech,"664,225",3.50%
User 4726,Tech,"147,509",6.70%
User 2578,Travel,"838,106",10.30%
User 1076,Food,"208,861",11.90%
User 6456,Travel,"787,746",14.30%
User 1060,Food,"677,398",14.00%
User 4787,Travel,"39,834",7.10%
User 7157,Gaming,"152,845",8.30%
User 1021,Gaming,"949,269",6.00%
User 1489,Food,"137,268",13.20%
User 4357,Fashion,"293,674",4.00%
User 6006,Fashion,"976,208",6.40%
User 3455,Travel,"98,829",2.00%
User 3316,Tech,"432,321",6.90%
User 4941,Tech,"811,488",15.00%
User 8169,Gaming,"435,072",11.50%
User 1275,Gaming,"683,209",1.00%
User 3006,Tech,"740,805",4.70%
User 9631,Gaming,"124,716",8.20%
User 7266,Fashion,"734,719",13.30%
User 7942,Tech,"160,207",5.10%
User 8825,Fashion,"861,109",1.00%
User 8285,Fashion,"948,973",4.60%
User 6142,Food,"86,477",5.90%
User 1558,Tech,"529,712",1.70%
User 9891,Tech,"372,538",4.20%
User 5112,Travel,"357,267",2.80%
User 9489,Food,"584,589",12.20%
User 3604,Travel,"124,292",5.70%
User 6454,Gaming,"97,571",8.80%
User 8097,Food,"518,006",9.90%
User 2789,Food,"49,339",10.40%
User 1029,Tech,"728,658",9.10%
User 2860,Food,"893,182",7.90%
User 8488,Travel,"302,522",10.30%
User 5867,Tech,"149,482",10.40%
User 1606,Gaming,"461,784",5.20%
User 9186,Travel,"977,220",8.00%
User 3369,Tech,"873,942",13.00%
User 8193,Tech,"67,798",3.80%
User 4730,Gaming,"505,818",6.20%
User 4969,Fashion,"828,784",3.40%
User 3293,Fashion,"213,492",5.70%
User 6391,Tech,"961,497",10.20%
User 2707,Tech,"932,987",11.30%
User 1808,Gaming,"223,142",5.40%
User 8034,Fashion,"184,095",4.80%
User 5025,Travel,"715,207",3.30%
User 5172,Fashion,"362,764",6.60%
User 8872,Travel,"86,868",10.90%
User 9816,Food,"379,086",11.40%
User 5876,Gaming,"798,365",5.80%
User 5465,Food,"122,336",7.20%
User 8508,Tech,"689,677",6.20%
User 5767,Gaming,"461,295",5.70%
User 5365,Tech,"597,994",10.20%
User 7696,Food,"929,123",1.50%
User 7197,Tech,"142,747",9.00%
User 3928,Fashion,"141,440",3.50%
User 6709,Food,"221,152",3.90%
User 4714,Travel,"832,594",7.70%
User 2116,Food,"292,316",14.90%
User 8884,Travel,"247,861",9.40%
User 5671,Gaming,"618,696",5.40%
User 4436,Gaming,"301,016",5.10%
User 6395,Tech,"901,824",6.80%
User 9979,Gaming,"571,012",11.40%
User 6494,Fashion,"852,459",7.10%
User 7781,Fashion,"909,941",3.10%
User 8982,Travel,"413,059",10.90%
User 4089,Tech,"285,902",14.10%
User 7703,Fashion,"457,523",2.80%
User 1974,Fashion,"31,312",6.20%
User 5704,Tech,"688,474",1.60%
User 3169,Gaming,"797,755",5.30%
User 7011,Food,"159,888",4.60%
User 8156,Tech,"269,968",2.30%
User 9720,Food,"896,146",2.60%
User 2116,Gaming,"808,615",10.70%
User 5443,Fashion,"653,609",12.70%
User 3002,Tech,"217,031",5.20%
User 6055,Food,"67,812",8.70%
User 6016,Travel,"224,394",15.00%
User 4181,Travel,"746,298",14.70%
User 2556,Food,"199,276",10.80%
User 3324,Food,"946,881",13.90%
User 5509,Food,"305,996",2.10%
User 2324,Tech,"939,829",13.80%
User 6596,Fashion,"343,004",9.30%
User 8069,Food,"466,439",7.20%
User 9834,Fashion,"116,617",11.20%
User 1941,Food,"450,095",3.80%
User 4607,Tech,"228,165",7.70%
User 1368,Food,"520,998",13.90%
User 8082,Fashion,"873,143",15.00%
User 8309,Tech,"719,818",5.30%
User 3918,Fashion,"812,663",14.90%
User 5473,Fashion,"795,964",8.70%
User 2360,Food,"312,710",14.90%
User 5229,Fashion,"737,577",2.60%
User 1587,Fashion,"117,659",3.10%
User 9309,Fashion,"38,753",2.50%
User 6809,Fashion,"524,042",14.70%
User 4629,Food,"832,585",4.20%
User 2431,Food,"346,542",13.30%
User 9582,Travel,"527,913",3.00%
User 6923,Food,"31,931",14.40%
User 3486,Tech,"190,096",11.50%
User 9946,Food,"767,840",7.40%
User 9103,Travel,"503,712",3.70%
User 9181,Fashion,"56,546",2.30%
User 1220,Tech,"5,850",11.00%
User 5961,Travel,"662,865",13.20%
User 7684,Food,"935,314",7.60%
User 4796,Tech,"22,671",7.90%
User 3356,Tech,"78,546",8.60%
User 9559,Tech,"102,200",2.10%
User 4639,Travel,"361,910",2.10%
User 3284,Food,"355,924",1.50%
User 8173,Tech,"627,997",12.30%
User 6191,Gaming,"134,306",10.40%
User 3456,Tech,"462,053",10.30%
User 1638,Fashion,"544,200",12.10%
User 9520,Fashion,"316,436",11.20%
User 6916,Tech,"212,545",3.20%
User 4730,Gaming,"671,859",3.30%
User 4133,Food,"240,165",8.60%
User 5734,Tech,"756,272",9.30%
User 7410,Tech,"322,809",4.30%
User 1770,Tech,"410,821",10.90%
User 6156,Gaming,"914,513",9.10%
User 7820,Tech,"296,572",5.00%
User 2702,Tech,"340,607",4.80%
User 9635,Fashion,"435,576",9.10%
User 4015,Travel,"204,968",13.80%
User 8670,Food,"477,630",6.00%
User 9609,Travel,"593,028",12.00%
User 9499,Food,"427,222",1.10%
User 6385,Gaming,"612,614",3.30%
User 7116,Gaming,"385,087",8.00%
User 1490,Gaming,"472,416",12.60%
User 6370,Tech,"154,601",10.10%
User 7874,Gaming,"693,060",8.40%
User 8034,Tech,"39,347",9.10%
User 3251,Gaming,"210,784",3.30%
User 9195,Tech,"470,369",10.30%
User 4249,Tech,"175,238",13.50%
User 9549,Fashion,"96,362",6.30%
User 5486,Fashion,"611,118",4.40%
User 7275,Fashion,"955,696",3.10%
User 4001,Food,"745,278",5.60%
User 7648,Travel,"383,294",10.30%
User 4294,Travel,"609,623",11.70%
User 8742,Tech,"236,044",7.00%
User 9259,Travel,"377,831",8.40%
User 6122,Fashion,"211,070",7.80%
User 8539,Fashion,"24,732",8.20%
User 6593,Fashion,"866,666",4.60%
User 1551,Travel,"143,582",11.00%
User 5840,Fashion,"983,512",8.70%
User 7308,Food,"758,333",12.90%
User 2353,Fashion,"235,245",2.50%
User 2537,Fashion,"437,316",12.60%
User 6796,Food,"365,368",13.60%
User 8879,Gaming,"16,082",11.80%
User 2046,Travel,"62,523",3.90%
User 7654,Food,"413,904",7.90%
User 9246,Gaming,"126,464",8.50%
User 6760,Fashion,"790,032",15.00%
User 4526,Fashion,"988,690",13.10%
User 1525,Fashion,"219,952",5.60%
User 8512,Travel,"872,004",5.70%
User 7288,Food,"25,875",3.30%
User 5630,Gaming,"178,919",1.00%
User 8142,Gaming,"306,515",10.90%
User 5720,Tech,"26,122",2.10%
User 4800,Travel,"332,170",2.70%
User 5815,Tech,"44,604",7.40%
User 7043,Gaming,"698,318",14.60%
User 4813,Food,"800,840",12.50%
User 4646,Fashion,"106,664",2.50%